id,user_id,created_at,authorDisplayName,author,authorAvatar,author_id,review_title,review_rating,review_content,business_name,business_slug,permalink,replied,messages,business_logo,industry_logo,industry_name,industry_slug,status_id,nps_rating,source,is_reported,business_reporting,author_created_date,author_total_reviews_count,attachments
4228893,0cf37140-f94c-11ec-9b49-19cd672a8c8b,2022-12-16 20:51:27,Werner S,Werner S,,0cf37140-f94c-11ec-9b49-19cd672a8c8b,Not telkpm,1,"I pay R519 per month and can't signin  on the modem.  This happens when we have electricity which is about every 3 hours none after 21h00
I would plead with potential customers not to consider telkom",Telkom,telkom,not-telkpm-4228893,0,[],https://s3-us-west-2.amazonaws.com/hp-cdn-01/uploads/orgs/org_793962_logo_hPUx0SvDxJ768HorIPr8.png,/static/img/industries/icons/telecommunications-icon.jpg,Telecommunications,telecommunications,1,,WEBSITE,False,,2022-07-01,3,[]
4228846,364faaf0-5104-11ec-8045-7d7a9af8c558,2022-12-16 18:54:28,Nokuthula K,Nokuthula K,,364faaf0-5104-11ec-8045-7d7a9af8c558,Please help me clear my name,1,I can't even buy a house because telkom failed me I tried to open cases they keep saying my documents did not go through the person was helping me did not do the right thing I never took telkom contract cell phones but they claim that I did n when I say they must show me a signature of that person they said the person purchased on line please help me to clear my name  am on errors for the thing I did not do,Telkom,telkom,please-help-me-clear-my-name-4228846,0,[],https://s3-us-west-2.amazonaws.com/hp-cdn-01/uploads/orgs/org_793962_logo_hPUx0SvDxJ768HorIPr8.png,/static/img/industries/icons/telecommunications-icon.jpg,Telecommunications,telecommunications,1,,WEBSITE,False,,2021-11-29,3,[]
4228766,0c8502a0-5ee0-11ea-9899-6f17cff30ea1,2022-12-16 16:28:46,Services A,Services A,,0c8502a0-5ee0-11ea-9899-6f17cff30ea1,Untrustworthy business,1,I was contacted if I wanted to upgrade a data contract that is on month to month which I did. In fact what they did was to add a second contract with the month to month still running. I requested the recording when I did the upgrade more than a week agoâ€¦and still they have not made it available. This business is the worst you can get. They are like vultures to get your business. Will never deal with them again.,Telkom,telkom,untrustworthy-business-d202a9728ef1b82c9cdcd425750c5b5b71eb91b7-4228766,0,[],https://s3-us-west-2.amazonaws.com/hp-cdn-01/uploads/orgs/org_793962_logo_hPUx0SvDxJ768HorIPr8.png,/static/img/industries/icons/telecommunications-icon.jpg,Telecommunications,telecommunications,1,,WEBSITE,False,,2020-03-05,50,[]
4228626,35bf64d7-31fa-11e8-83f4-f23c91bb6188,2022-12-16 12:58:01,Nina H,Nina H,,35bf64d7-31fa-11e8-83f4-f23c91bb6188,telkom,1,"Have been in a fight with TELKOM since August for a FRAUDULENT DEBIT ORDER that they have been taking off my account monthly. No matter how many mails, calls etc I make they carry on. I have a business manager by the name of EARL STRYDOM  tel number ********** who admits that it is fraud but promises to fix it, but doesn't. TELKOM owe us literally thousands for this FRAUD. STRYDOM is supposedly my business manager. Its because of people of this calibre that Telkom is in the mess its in. All I get are lies, promises and more lies! I cant afford legal action so what now????????????????
Is there ANYONE out there who can assist me?",Telkom,telkom,telkom-f3a685a5414d7c00bbc751a0f993f6890e0eb3f7-4228626,0,[],https://s3-us-west-2.amazonaws.com/hp-cdn-01/uploads/orgs/org_793962_logo_hPUx0SvDxJ768HorIPr8.png,/static/img/industries/icons/telecommunications-icon.jpg,Telecommunications,telecommunications,1,,WEBSITE,False,,2017-05-06,1,[]
4228610,2b490ce9-31fa-11e8-83f4-f23c91bb6188,2022-12-16 12:42:24,Arshad P,Arshad P,,2b490ce9-31fa-11e8-83f4-f23c91bb6188,TELKOM Killarney Looting on Upgrade,1,"-10, 
So I have Telkom contract with Telkom for the last 4 Years, it was due for my second upgrade, Telkom kept on phoning for upgrade, so I finally decided to do it at the KILLARNEY Store, but unknowingly to know it is it the worst in terms of service.

I do the upgrade, only to notice a new line has been issued to me. Upgrade was for two contract, now sit with 4 numbers.

I tried to contact the store to sort out the issue, but to no luck, I had to drive down to the store to get the issue sorted for the number. upon request he sorted the issue after two days. But 2 days later Telkom sends me 2 invoices, amounting to R 1 787.00, Charging me for sim connection on an upgrade, there after billing for the other 2 numbers that were not even meant to be there.

I now contact the store again, to no Luck on the call. I had to drive down again to the store, but to find the person that helped was on leave. colleague said he will get the person to contact me the next day. 5 days later I still wait for the call. upon being frustrated with the issue, I call up the person the person that had told me, the colleague will call, then he hands over the phone to the consultant. 

Firstly he is rude, and not willing to accept the mistake he has made. He then goes on to tell me he does the upgrades differently from other stores, that means he overcharges all his upgrades. thereafter disputing the issues, he hangs up on me.

and now I sit with the bill that I'm not liable for. and at month end will be charged extra for upgrading with Telkom.

I need a solution @telkom",Telkom,telkom,telkom-killarney-looting-on-upgrade-4228610,0,[],https://s3-us-west-2.amazonaws.com/hp-cdn-01/uploads/orgs/org_793962_logo_hPUx0SvDxJ768HorIPr8.png,/static/img/industries/icons/telecommunications-icon.jpg,Telecommunications,telecommunications,1,,WEBSITE,False,,2016-07-01,5,[]
4228533,017368a3-31fa-11e8-83f4-f23c91bb6188,2022-12-16 11:27:08,Elaine,Elaine,,017368a3-31fa-11e8-83f4-f23c91bb6188,TELKOM AND NUDEBT ARE ROGUES AND FRAUDSTERS!!!,1,"TELKOM ARE ROGUES. 
THEY STEAL OUR MONEY EVERY MONTH!!!
NOT MATTER HOW MUCH WE COMPLAIN NOTHING IS DONE ABOUT THEM.
NUDEBT IS A COMPANY CREATED BY AN ATTORNEY WHO ALSO STEALS!!!",Telkom,telkom,telkom-and-nudebt-are-rogues-and-fraudsters-4228533,0,[],https://s3-us-west-2.amazonaws.com/hp-cdn-01/uploads/orgs/org_793962_logo_hPUx0SvDxJ768HorIPr8.png,/static/img/industries/icons/telecommunications-icon.jpg,Telecommunications,telecommunications,1,,WEBSITE,False,,2010-09-19,20,[]
4228398,3c07bdd1-31fa-11e8-83f4-f23c91bb6188,2022-12-16 08:48:06,Robyn S,Robyn S,,3c07bdd1-31fa-11e8-83f4-f23c91bb6188,Despicable Service,1,"If I could give this company a 1 I would. The level of customer service and support is shocking. Iâ€™ve made my 5th call this month to this service provider with no resolution. My account gets debited twice, the first time with R800 extra and today the second time this month with R1100 extra. 
Called the supposed helpline (thatâ€™s helpless) and spoke to Lindane Dlamini and was told that he does not know where the payments come from and that I owe R5000 again!!!!!!!! How is this even possible if it was paid 31st October (doesnâ€™t reflect on their end) 30th November and again today, WHAT IN THE ACTUAL HELL!!!!
No compassion, no care, no help at all",Telkom,telkom,despicable-service-cc45508248197ebddbf2ababd956ed73116a4cd0-4228398,0,[],https://s3-us-west-2.amazonaws.com/hp-cdn-01/uploads/orgs/org_793962_logo_hPUx0SvDxJ768HorIPr8.png,/static/img/industries/icons/telecommunications-icon.jpg,Telecommunications,telecommunications,1,,WEBSITE,False,,2018-01-11,9,[]
4228390,e4aba980-7d0b-11ed-9785-07da03db6e8a,2022-12-16 08:39:44,Oscar K,Oscar K,,e4aba980-7d0b-11ed-9785-07da03db6e8a,CUSTOMER SERVICE IS DEAD,1,"It's been 3 days trying to get hold of Telkom through their 180, Twitter messages and also their feed with absolutely no success, all I'm met with is usually bots that basically does the same things I can do via USSD on my phone. I don't know who came up with this model and what happened to the customer service consultants but they have destroyed it for customers.",Telkom,telkom,customer-service-is-dead-b65b990e236e47e7c2d449edd558c1b19cdb5f61-4228390,0,[],https://s3-us-west-2.amazonaws.com/hp-cdn-01/uploads/orgs/org_793962_logo_hPUx0SvDxJ768HorIPr8.png,/static/img/industries/icons/telecommunications-icon.jpg,Telecommunications,telecommunications,1,,WEBSITE,False,,2022-12-16,1,[]
4228366,bc476fe0-6d44-11ed-8b42-9198f5d1be74,2022-12-16 08:08:13,Chithekile M,Chithekile M,,bc476fe0-6d44-11ed-8b42-9198f5d1be74,Disgusted service by telkom,1,"I am beyond disgusted with Telkom, they still deducting money in my account, they failing to relsove my issue, I have spoken to countless agent that have not assisted me,",Telkom,telkom,disgusted-service-by-telkom-4228366,0,[],https://s3-us-west-2.amazonaws.com/hp-cdn-01/uploads/orgs/org_793962_logo_hPUx0SvDxJ768HorIPr8.png,/static/img/industries/icons/telecommunications-icon.jpg,Telecommunications,telecommunications,1,,WEBSITE,False,,2022-11-26,2,[]
4228219,07d3664d-31fa-11e8-83f4-f23c91bb6188,2022-12-15 22:19:45,Sue,Sue,,07d3664d-31fa-11e8-83f4-f23c91bb6188,ADSL down and telko. Cant tell me how long its going to be down,1,"My adsl line not working for 2 days 10210 cant give me update Ref **********6

No ADSL, NO WORK, NO PAY",Telkom,telkom,adsl-down-and-telko-cant-tell-me-how-long-its-going-to-be-down-4228219,0,[],https://s3-us-west-2.amazonaws.com/hp-cdn-01/uploads/orgs/org_793962_logo_hPUx0SvDxJ768HorIPr8.png,/static/img/industries/icons/telecommunications-icon.jpg,Telecommunications,telecommunications,1,,WEBSITE,False,,2011-12-13,11,[]
4228032,c0841ef0-70e1-11ed-8745-c3ca4858db6c,2022-12-15 18:17:49,Amanda N,Amanda N,,c0841ef0-70e1-11ed-8745-c3ca4858db6c,Theft and cyber fraud.,1,"Innacinnect.via Tekkom i traced it  ..they get tour details  ""debit""your account. You cant reverse it as it is olaces as a subscription for fone and data...none of which you get.i did not aolmy nor subscribe..you end up at an international unknown language country .working with Telkom  si far they took r600..pensioner. TELKOM lawyers  im ff WAITING  case being opened. FRAUD",Telkom,telkom,theft-and-cyber-fraud-4228032,0,[],https://s3-us-west-2.amazonaws.com/hp-cdn-01/uploads/orgs/org_793962_logo_hPUx0SvDxJ768HorIPr8.png,/static/img/industries/icons/telecommunications-icon.jpg,Telecommunications,telecommunications,1,,WEBSITE,False,,2022-11-30,2,[]
4207031,74b0c620-717f-11ed-8378-a3ccb084d142,2022-12-01 15:55:26,Sibusiso N,Sibusiso N,,74b0c620-717f-11ed-8378-a3ccb084d142,Useless agent,2,"Telkom   your agents a really useless. Unfortunately I didn't get her name. On the 11th of Nov I logged a cancellation on an contract that expired in October but it's still working (don't know how) since I didn't get any confirmation regarding my cancellation I then decided to log it again on the portal, on the 24th of Nov. When I check this morning it has not been cancelled and new data was loaded. Called again and your agents told me that there was no cancellation logged on the 11th, only the Cancellation logged on the portal is reflecting. Reason for my cancellation is because I have already went with another ISP and I was avoiding being billed by two different ISPs",Telkom,telkom,useless-agent-c4fad50dc254c06b4846bbb51e38f4fa2b9786f6-4207031,0,[],https://s3-us-west-2.amazonaws.com/hp-cdn-01/uploads/orgs/org_793962_logo_hPUx0SvDxJ768HorIPr8.png,/static/img/industries/icons/telecommunications-icon.jpg,Telecommunications,telecommunications,1,6.0,WEBSITE,False,,2022-12-01,1,[]
4204994,37e02af5-31fa-11e8-83f4-f23c91bb6188,2022-11-30 17:18:07,Bonite B,Bonite B,,37e02af5-31fa-11e8-83f4-f23c91bb6188,Sim Card disconnected hour after complaint,2,"I have no other way of contacting Telkom and I am ****ed off. 

An hour after receiving my upgrade and calling because it's incorrect, my number is disconnected. I am completely disconnected!!!!!

Connect my sim card immediately!!!!!!!!!!",Telkom,telkom,sim-card-disconnected-hour-after-complaint-4204994,0,[],https://s3-us-west-2.amazonaws.com/hp-cdn-01/uploads/orgs/org_793962_logo_hPUx0SvDxJ768HorIPr8.png,/static/img/industries/icons/telecommunications-icon.jpg,Telecommunications,telecommunications,1,,WEBSITE,False,,2017-07-14,14,[]
4200161,e8aa3fe0-b6d9-11eb-ace1-bfc8aa23b5be,2022-11-28 22:08:38,Jessica J,Jessica J,,e8aa3fe0-b6d9-11eb-ace1-bfc8aa23b5be,Debit order deductions,2,"I usually have no problem with Telkom. Have been using them for years without complaint but in the last month the have deducted a debit order twice, to which I have to pay a banking fee, I paid the outstanding amount for the month and they charged me with another month which they have deducted 3 times, to which I also have to pay banking fees with every deduction. I have been trying to contact them without success. I have also tried to stop the debit order but it doesn't even show there is an debit order active from them. It is almost Christmas, I have presents to buy and a family to care for and I have nothing to show for it because they keep on deducting ignoring my numerous request for them to call me back and for trying to contact them.",Telkom,telkom,debit-order-deductions-a678e0813ba4c8fa46bc9fd0efa6f9862e445eeb-4200161,0,[],https://s3-us-west-2.amazonaws.com/hp-cdn-01/uploads/orgs/org_793962_logo_hPUx0SvDxJ768HorIPr8.png,/static/img/industries/icons/telecommunications-icon.jpg,Telecommunications,telecommunications,1,,WEBSITE,False,,2021-05-17,1,[]
4199559,2733d6e0-c5cc-11ea-b8f4-739f1ba5cbce,2022-11-28 15:32:54,Desiree E,Desiree E,,2733d6e0-c5cc-11ea-b8f4-739f1ba5cbce,Black Friday with Telkom still in the black(dark) with the offer,2,"Good day,
I went into Telkom for a new phone contract and was told about the black Friday offer, being two phones A33 for R389. I was told I am approved, but I cannot get the package as they are waiting for stock of these phones. I am very disappointed because why? make an offer if you do not have stock. Is it perhaps a gimmick of some sorts. Black Friday was blue for me.",Telkom,telkom,black-friday-with-telkom-still-in-the-blackdark-with-the-offer-4199559,0,[],https://s3-us-west-2.amazonaws.com/hp-cdn-01/uploads/orgs/org_793962_logo_hPUx0SvDxJ768HorIPr8.png,/static/img/industries/icons/telecommunications-icon.jpg,Telecommunications,telecommunications,1,4.0,WEBSITE,False,,2020-07-14,12,[]
4194214,04f7f520-25a3-11eb-b317-cf43b3d73af2,2022-11-24 11:52:31,Zama M,Zama M,,04f7f520-25a3-11eb-b317-cf43b3d73af2,Loyal Customer Been Taken For Ride,2,"I went in store to do a sim swop after I lost my phone. I was told that I am blacklisted and i cannot be assisted. I was told i need to pay a certain amount and i will be assisted. I was retrenched and i did let Telkom know and when i got the job i did the same again and started paying. What is worse is that my number is prepaid, so if this person that has my phone can do fraud with a cellphone number that is registered in my name what happens next. Please explain to me why i am blacklisted even though I am paying you monthly.",Telkom,telkom,loyal-customer-been-taken-for-ride-4194214,0,[],https://s3-us-west-2.amazonaws.com/hp-cdn-01/uploads/orgs/org_793962_logo_hPUx0SvDxJ768HorIPr8.png,/static/img/industries/icons/telecommunications-icon.jpg,Telecommunications,telecommunications,1,,WEBSITE,False,,2020-11-13,3,[]
4191394,abc160b0-72cf-11ec-8d7e-63ddcf43695b,2022-11-23 05:14:03,Benny K,Benny K,,abc160b0-72cf-11ec-8d7e-63ddcf43695b,Signal very bad .,2,Telkom need to review their network connection even voice calls are very inconvenient. There are many places that have no or limited coverage. For a national entity this is very bad .,Telkom,telkom,signal-very-bad-4191394,0,[],https://s3-us-west-2.amazonaws.com/hp-cdn-01/uploads/orgs/org_793962_logo_hPUx0SvDxJ768HorIPr8.png,/static/img/industries/icons/telecommunications-icon.jpg,Telecommunications,telecommunications,1,,WEBSITE,False,,2022-01-11,4,[]
4188953,7b0351e0-5684-11eb-892f-a95320c784a6,2022-11-21 18:04:30,Lee K,Lee K,,7b0351e0-5684-11eb-892f-a95320c784a6,No coverage,2,"Telkom is good. The data bundles are super cheap. 
But for dear life I'm out of range. I'm convinced there's no place in South Africa where telkom works.",Telkom,telkom,no-coverage-f83753b423eb4984d2f1ea23c1016397451c95db-4188953,0,[],https://s3-us-west-2.amazonaws.com/hp-cdn-01/uploads/orgs/org_793962_logo_hPUx0SvDxJ768HorIPr8.png,/static/img/industries/icons/telecommunications-icon.jpg,Telecommunications,telecommunications,1,,WEBSITE,False,,2021-01-14,54,[]
4187633,4cdcd890-8185-11eb-af54-759906602062,2022-11-21 04:34:19,Tazkia K,Tazkia K,,4cdcd890-8185-11eb-af54-759906602062,Pathetic,2,"I can't help but wonder why every time I go into the Telkom store in Promenade, Mitchell's plain i get told the phone I want isn't in stock. Why do your people insist on lying and trying to sell me something they think I need? Luckily there was a guy kind enough to ask me which device I'm coming for and confirmed they had the device in stock. After being helped the agent lied to my face and told me they don't have it. After he approached us and asked why I changed my mind he told me the item is in stock. Only then I magically got the device I was coming for. This is disgusting and it needs to stop. Again this is not the first time the guys in telkom lied and told me the device I wanted wasn't in stock",Telkom,telkom,pathetic-50eb3db196856b9fb025f4b606dc8025cdccc954-4187633,0,[],https://s3-us-west-2.amazonaws.com/hp-cdn-01/uploads/orgs/org_793962_logo_hPUx0SvDxJ768HorIPr8.png,/static/img/industries/icons/telecommunications-icon.jpg,Telecommunications,telecommunications,1,,WEBSITE,False,,2021-03-10,6,[]
4185672,8157f300-3bc3-11ec-81c6-c59dfc8aa959,2022-11-18 11:55:27,Candice M,Candice M,,8157f300-3bc3-11ec-81c6-c59dfc8aa959,telkom contract,2,"Poor admin, took so many weeks to have my contact cancelled. Telkom continued to extend my contract and deducted monthly, despite my contract expiring.",Telkom,telkom,telkom-contract-8988606ef81b686062214ce7a7adae1c15dcc583-4185672,0,[],https://s3-us-west-2.amazonaws.com/hp-cdn-01/uploads/orgs/org_793962_logo_hPUx0SvDxJ768HorIPr8.png,/static/img/industries/icons/telecommunications-icon.jpg,Telecommunications,telecommunications,1,3.0,WEBSITE,False,,2021-11-02,3,[]
4184435,2442d6e0-1fe3-11ed-acda-e51a04bd1f56,2022-11-17 15:24:20,Lethukuthula M,Lethukuthula M,,2442d6e0-1fe3-11ed-acda-e51a04bd1f56,Telkom Let Down!!!!,2,"Its sad that in his digital age you find your self being forced to go out and enter a store rather than be able to do things online, So I was due for an upgrade on Telkom but due to a system error I was told I would have to go to a Telkom store with my proof of address, now why as a preexisting contract customer( been with Telkom for three years now)  I am sad how primitive Telkom is being by not allowing  me to email these documents they require and then processing my request",Telkom,telkom,telkom-let-down-4184435,0,[],https://s3-us-west-2.amazonaws.com/hp-cdn-01/uploads/orgs/org_793962_logo_hPUx0SvDxJ768HorIPr8.png,/static/img/industries/icons/telecommunications-icon.jpg,Telecommunications,telecommunications,1,10.0,WEBSITE,False,,2022-08-19,1,[]
4182731,710d7930-2f3b-11ed-9f63-37b58d055d8d,2022-11-16 16:31:52,Rosina M,Rosina M,,710d7930-2f3b-11ed-9f63-37b58d055d8d,Telkom contract applications,2,I applied for a contract at Telkom and everything was approved but they havenâ€™t delivered the product that I had applied for,Telkom,telkom,telkom-contract-applications-4182731,0,[],https://s3-us-west-2.amazonaws.com/hp-cdn-01/uploads/orgs/org_793962_logo_hPUx0SvDxJ768HorIPr8.png,/static/img/industries/icons/telecommunications-icon.jpg,Telecommunications,telecommunications,1,,WEBSITE,False,,2022-09-08,2,[]
4217034,19e373ee-31fa-11e8-83f4-f23c91bb6188,2022-12-08 10:45:58,Akhona,Akhona,,19e373ee-31fa-11e8-83f4-f23c91bb6188,Poor Connectivity and Network,3,"I stay in Parklands East in a free standing house in Surrey Street. Since residing here for the last 3-4 years ago the network has been very poor such that you cant real make a phone call with Telkom. You must rely on Whatsapp calls via the wifi.

I am certain that other home owners are also experiencing the same around the area. I wanted to check if MTN has sight of this issue from an infrastructure point of view? I dont think it makes sense for us to be living like this in a modern city as if we live in a farm somewhere in rural areas?

How best can we address this issue?

I stay in Parklands, Cape Town, Wester Cape

The  is the network is so poor such that I cant even make a call from my house, let alone the inability to use my mobile data. I solely rely in wifi to make whatsapp calls and when its off it means no calls for me. I need to drive up Parklands Main Road to Caltex Garage to be able to make a clear call.

This problem is common for me on Telkom and even MTN since my wife uses MTN.

I am on Andriod and I also have iOS.

I use Samsung A50 for Telkom Mobile, and iPhone 12 for MTN. This is not a devuce problem, it is a poor network issue in Parklands East, Surrey Street and Brompton Bend. Anyone that comes to our house cant make calls at all. So it is a common issue which might be linked to the lack of towers for the major networks such as MTN and Telkom.

Plz advise.",Telkom,telkom,poor-connectivity-and-network-4217034,0,[],https://s3-us-west-2.amazonaws.com/hp-cdn-01/uploads/orgs/org_793962_logo_hPUx0SvDxJ768HorIPr8.png,/static/img/industries/icons/telecommunications-icon.jpg,Telecommunications,telecommunications,1,0.0,WEBSITE,False,,2014-03-27,158,[]
4197172,2dcb959e-31fa-11e8-83f4-f23c91bb6188,2022-11-26 10:53:53,Warrick B,Warrick B,,2dcb959e-31fa-11e8-83f4-f23c91bb6188,Always no stock. And bad service.,3,Cheers Telkom. It has been good except for the bad service over the years. It is now the third time in a row when it comes to upgrade time that you do not have the phone I want available. Now it is time to leave. Maybe MTN can service me better.,Telkom,telkom,always-no-stock-and-bad-service-4197172,0,"[{'id': 2422666, 'body': ""<div><!--block-->Finally had a call from telkom after leaving my details online for a call back. Guess what, they still can't help me and they have no phones available in SA. Top class company. Wow what customer service.\xa0</div>"", 'created_at': '2022-11-26 14:39:25', 'type': 'Public', 'origin': 1, 'owner': 1, 'from': 'Warrick B', 'businessSlug': 'telkom', 'businessLogo': 'https://s3-us-west-2.amazonaws.com/hp-cdn-01/uploads/orgs/org_793962_logo_hPUx0SvDxJ768HorIPr8.png', 'showPrivateBadge': False, 'isLinkedToUser': False}]",https://s3-us-west-2.amazonaws.com/hp-cdn-01/uploads/orgs/org_793962_logo_hPUx0SvDxJ768HorIPr8.png,/static/img/industries/icons/telecommunications-icon.jpg,Telecommunications,telecommunications,1,,WEBSITE,False,,2016-09-12,45,[]
4191585,1a565d17-31fa-11e8-83f4-f23c91bb6188,2022-11-23 08:46:52,andrew,andrew,,1a565d17-31fa-11e8-83f4-f23c91bb6188,COMPLAINT,3,"I purchased a LTE data card for my modem ( plÃ¹g & play) on 8/11/2022. It has not picked up internet since..connection says ""connected without internet"".
I have phoned the customer care a total of 5 times, a manager has been meant to phone me on 2 occassions within 48hours,Im still waiting.
Im losing data without using the card at all & will lose it all on expiry date, yet no joy out of Telkom Customer Care AT ALL.",Telkom,telkom,complaint-9f7825e722270e0f325005cfa7e166677febef1d-4191585,0,[],https://s3-us-west-2.amazonaws.com/hp-cdn-01/uploads/orgs/org_793962_logo_hPUx0SvDxJ768HorIPr8.png,/static/img/industries/icons/telecommunications-icon.jpg,Telecommunications,telecommunications,1,,WEBSITE,False,,2014-04-16,5,[]
4182522,08a29e40-b5c5-11e9-b58f-09a50bad680c,2022-11-16 15:12:05,Benny M,Benny M,,08a29e40-b5c5-11e9-b58f-09a50bad680c,In-store staff always call customer care,3,"A stage service at the store.

They seem to call the general customer care number when you walk in with any issue. It's pointless because you sit there with them watching them on the phone which you could do yourself at home. Makes no sense",Telkom,telkom,in-store-staff-always-call-customer-care-4182522,0,[],https://s3-us-west-2.amazonaws.com/hp-cdn-01/uploads/orgs/org_793962_logo_hPUx0SvDxJ768HorIPr8.png,/static/img/industries/icons/telecommunications-icon.jpg,Telecommunications,telecommunications,1,,WEBSITE,False,,2019-08-03,8,[]
4180087,4be4c4b0-690b-11ea-bafe-19b5a5bb00de,2022-11-15 13:29:27,Mokotedi L,Mokotedi L,,4be4c4b0-690b-11ea-bafe-19b5a5bb00de,Add more security in their tower stations,3,"Telkom is making a great progress of implementing or installing network towers around the rural areas, and combine with other networks to increase better services around the areas but my worry is cruel people steal from that tower  were they take uninterrupted power supply so I urge for telkom to  increase more security and protect their equipments, because we appreciate their new developments",Telkom,telkom,add-more-security-in-their-tower-stations-4180087,0,[],https://s3-us-west-2.amazonaws.com/hp-cdn-01/uploads/orgs/org_793962_logo_hPUx0SvDxJ768HorIPr8.png,/static/img/industries/icons/telecommunications-icon.jpg,Telecommunications,telecommunications,1,8.0,WEBSITE,False,,2020-03-18,4,[]
4174091,3ad12ab8-31fa-11e8-83f4-f23c91bb6188,2022-11-11 08:56:12,Stephen D,Stephen D,,3ad12ab8-31fa-11e8-83f4-f23c91bb6188,Telkom: Disappearing airtime,3,Tried solving disappearing airtime problem. Advised to dial*179# to check for active subscriptions. None found. Never had any. No further feedback from 081180 Helpline. Still unresolved.,Telkom,telkom,telkom-disappearing-airtime-4174091,0,[],https://s3-us-west-2.amazonaws.com/hp-cdn-01/uploads/orgs/org_793962_logo_hPUx0SvDxJ768HorIPr8.png,/static/img/industries/icons/telecommunications-icon.jpg,Telecommunications,telecommunications,1,6.0,WEBSITE,True,,2017-11-22,21,[]
4173832,a2d53a40-8cec-11e9-a0e9-d980728ab7cb,2022-11-10 18:03:34,Lucus A,Lucus A,,a2d53a40-8cec-11e9-a0e9-d980728ab7cb,Timely but issue sorted thanks,3,"Thank you for your assistance today. Even though when you walk in store they staff always call the general custom care line for absolutely any issue we may have which we can always do at home ourselves.

But anyways, issue sorted eventually. Thank you to Nombasa",Telkom,telkom,timely-but-issue-sorted-thanks-4173832,0,[],https://s3-us-west-2.amazonaws.com/hp-cdn-01/uploads/orgs/org_793962_logo_hPUx0SvDxJ768HorIPr8.png,/static/img/industries/icons/telecommunications-icon.jpg,Telecommunications,telecommunications,1,10.0,WEBSITE,False,,2019-06-12,12,[]
4172564,7b0351e0-5684-11eb-892f-a95320c784a6,2022-11-10 09:29:12,Lee K,Lee K,,7b0351e0-5684-11eb-892f-a95320c784a6,Stops working after 7pm,3,"Very good and affordable network. However, in some areas and after a certain time (usually 7pm), Telkom goes extremely slow and then tells you that you are out if data (even if you are not).",Telkom,telkom,stops-working-after-7pm-4172564,0,[],https://s3-us-west-2.amazonaws.com/hp-cdn-01/uploads/orgs/org_793962_logo_hPUx0SvDxJ768HorIPr8.png,/static/img/industries/icons/telecommunications-icon.jpg,Telecommunications,telecommunications,1,,WEBSITE,False,,2021-01-14,54,[]
4151001,d1d24b00-f369-11eb-958e-07557b9dfb98,2022-10-27 08:50:34,Thembi M,Thembi M,,d1d24b00-f369-11eb-958e-07557b9dfb98,Account dispute,3,Had an issue with my account. I cancelled the contract with Telkom however they did not terminate it and kept billing me. Tried for year to resolve it eventually all balance was reversed and account its on zero,Telkom,telkom,account-dispute-02ca565890be2d96a7ff8cdd15ed1e92ade9c686-4151001,0,[],https://s3-us-west-2.amazonaws.com/hp-cdn-01/uploads/orgs/org_793962_logo_hPUx0SvDxJ768HorIPr8.png,/static/img/industries/icons/telecommunications-icon.jpg,Telecommunications,telecommunications,1,1.0,WEBSITE,False,,2021-08-02,5,[]
4143220,ab1af8e0-5103-11ed-bfbf-f79bb4a1a544,2022-10-21 07:58:47,Josef Z,Josef Z,,ab1af8e0-5103-11ed-bfbf-f79bb4a1a544,Hopeless,3,"I have Wifi contract with Telkom until May 2023. I am so unhappy with them. Every time loadshedding starts, Wifi lasts only about 45 minutes then it disappear until about 10min after loadshedding. I pay to have Wifi, but during loadshedding I have only 45min to can use Wifi. This is not right, I don't get what I pay for. There is also no way to can give them a call. I went to Telkom in a mall, and they not bothered, just said can't help me with the problem. All other providers don't have this problem, only Telkom, it does not make any sense, I want this problem sorted. I live in Stilbaai West. Not happy at all with Telkom very bad service.",Telkom,telkom,hopeless-05af1c4d227bf0f5861b52f3bf5e25ac56e39da9-4143220,0,[],https://s3-us-west-2.amazonaws.com/hp-cdn-01/uploads/orgs/org_793962_logo_hPUx0SvDxJ768HorIPr8.png,/static/img/industries/icons/telecommunications-icon.jpg,Telecommunications,telecommunications,1,0.0,WEBSITE,False,,2022-10-21,1,[]
4101286,2998cc68-31fa-11e8-83f4-f23c91bb6188,2022-09-21 09:06:12,Danzel F,Danzel F,,2998cc68-31fa-11e8-83f4-f23c91bb6188,Telkom Adderley Awesome,3,"Hi Everyone
I have to tell you guys about my experience with telkom Adderley st
the consultant Vincent Swartz were outstanding he actually made my day he were so professional and very helpful i hope he has a nice day and God Bless 
up you Vincent and have a good one
Regards",Telkom,telkom,telkom-adderley-awesome-4101286,0,[],https://s3-us-west-2.amazonaws.com/hp-cdn-01/uploads/orgs/org_793962_logo_hPUx0SvDxJ768HorIPr8.png,/static/img/industries/icons/telecommunications-icon.jpg,Telecommunications,telecommunications,1,8.0,WEBSITE,False,,2016-05-13,4,[]
4218057,02b0556d-31fa-11e8-83f4-f23c91bb6188,2022-12-08 17:24:49,Harry B,Harry B,,02b0556d-31fa-11e8-83f4-f23c91bb6188,Bad service no response to email,4,"My insurance validators has sent all relevant information to get billing and beam reports for myself and my wife both Telkom numbers ********** and **********.

My claim is on hold for almost 8 weeks now because Telkom does not return their emails and don't respond to the request. 

Why should we have service providers that can't help with a simple issue.",Telkom,telkom,bad-service-no-response-to-email-4218057,0,[],https://s3-us-west-2.amazonaws.com/hp-cdn-01/uploads/orgs/org_793962_logo_hPUx0SvDxJ768HorIPr8.png,/static/img/industries/icons/telecommunications-icon.jpg,Telecommunications,telecommunications,1,0.0,WEBSITE,False,,2010-12-31,5,[]
4205488,ae1523d0-fc9e-11e8-9f74-05f9bc69daf4,2022-12-01 00:03:21,Lebogang O,Lebogang O,,ae1523d0-fc9e-11e8-9f74-05f9bc69daf4,Poor and Unfair service,4,"I have 3 mobile contracts with telkom 
I took or contact in the last 14 months 
And when I took contract and I signed insurance agreement.
I have now lost my device and when I put on a claim I was told I don't have a insurance. Went to branch (Northgate branch) and I was told that insurance was requested and signed for, however the consultant did not process it on a system and consultant is no longer working in a branch.

It's not my fault that consultant did not process he insurance requested and as much as I have more than 2 contracts how would I have known that one insurance is not active?

Now Telkom Mobile Northgate doesn't want to help,  instead they want me to pay 2400 9r take new contracts,  how is that fair?

I'm so inconvenienced,  struggling and so frustrated. 

Telkom mobile has failed me and treated me so unfairly ðŸ˜­ðŸ˜­ðŸ˜­

Contract number; **********",Telkom,telkom,poor-and-unfair-service-6536efabd9a55847adbac00d7fb4f85dd7b8902c-4205488,0,[],https://s3-us-west-2.amazonaws.com/hp-cdn-01/uploads/orgs/org_793962_logo_hPUx0SvDxJ768HorIPr8.png,/static/img/industries/icons/telecommunications-icon.jpg,Telecommunications,telecommunications,1,,WEBSITE,False,,2018-12-10,11,[]
4202188,43bb7660-38bf-11ec-9864-f1a9874221c1,2022-11-29 14:41:46,Nomgcobo D,Nomgcobo D,,43bb7660-38bf-11ec-9864-f1a9874221c1,Problem fixed,4,"I experienced connectivity issues for a a couple of months and it was super frustrating! The agents were very helpful and patient, I must say. Telkom sent technicians to where I live a number of times until the problem was fixed. I no longer experience problems connecting to the internet anymore.",Telkom,telkom,problem-fixed-d760cfa3422d9fe4aa7b40b32407a9eaf2196b25-4202188,0,[],https://s3-us-west-2.amazonaws.com/hp-cdn-01/uploads/orgs/org_793962_logo_hPUx0SvDxJ768HorIPr8.png,/static/img/industries/icons/telecommunications-icon.jpg,Telecommunications,telecommunications,1,8.0,WEBSITE,False,,2021-10-29,8,[]
4196105,cbc3f800-6caa-11ed-9b2a-e33375061225,2022-11-25 12:22:51,Ashley M,Ashley M,,cbc3f800-6caa-11ed-9b2a-e33375061225,Telkom's customer service works great.,4,The customer service from Telkom is great. had an issue and called the helpline and they resolved my matter in a timely manner.,Telkom,telkom,telkoms-customer-service-works-great-4196105,0,[],https://s3-us-west-2.amazonaws.com/hp-cdn-01/uploads/orgs/org_793962_logo_hPUx0SvDxJ768HorIPr8.png,/static/img/industries/icons/telecommunications-icon.jpg,Telecommunications,telecommunications,1,,WEBSITE,False,,2022-11-25,3,[]
4159962,d1d73cb0-9995-11e9-9ff5-7553047d0c7e,2022-11-02 10:09:57,marius T,marius T,,d1d73cb0-9995-11e9-9ff5-7553047d0c7e,Very good,4,Happy with Telkom's products and services. Always prompt to sort out problems.,Telkom,telkom,very-good-49b3c63ef8b10d581dec7327f814d3f8eb3f200e-4159962,0,[],https://s3-us-west-2.amazonaws.com/hp-cdn-01/uploads/orgs/org_793962_logo_hPUx0SvDxJ768HorIPr8.png,/static/img/industries/icons/telecommunications-icon.jpg,Telecommunications,telecommunications,1,8.0,WEBSITE,False,,2019-06-28,6,[]
4153337,2a252067-31fa-11e8-83f4-f23c91bb6188,2022-10-28 13:29:47,Thabang M,Thabang M,,2a252067-31fa-11e8-83f4-f23c91bb6188,Saved from Mondo,4,"Shout out to Lehlogonolo and Zama Mkha**** for helping me on my sim deal cancellation. Saved from a terrible deal and service from Mondo. Glad I'm out. Hopefully when I reconsider, I won't have to do it through Mondo.",Telkom,telkom,saved-from-mondo-4153337,0,[],https://s3-us-west-2.amazonaws.com/hp-cdn-01/uploads/orgs/org_793962_logo_hPUx0SvDxJ768HorIPr8.png,/static/img/industries/icons/telecommunications-icon.jpg,Telecommunications,telecommunications,1,,WEBSITE,False,,2016-05-26,7,[]
4118845,328f3060-e680-11ec-97b6-51096cd77f74,2022-10-04 13:29:02,Kgaitsewe M,Kgaitsewe M,,328f3060-e680-11ec-97b6-51096cd77f74,Spam calls telkom sales,4,"Not complaining about service i just need help with telkom sales spams daily i blocked and POPI and CPA says once blocked they must stop calling me pls help i am tired . this is the number used **********. 

Pls give feedback just ask them to abide by the laws of the country pls",Telkom,telkom,spam-calls-telkom-sales-4118845,0,[],https://s3-us-west-2.amazonaws.com/hp-cdn-01/uploads/orgs/org_793962_logo_hPUx0SvDxJ768HorIPr8.png,/static/img/industries/icons/telecommunications-icon.jpg,Telecommunications,telecommunications,1,,WEBSITE,False,,2022-06-07,2,[]
4096988,18abc4b0-3655-11ed-a612-0ba08fb6a2e9,2022-09-17 08:54:48,Andiswa M,Andiswa M,,18abc4b0-3655-11ed-a612-0ba08fb6a2e9,great network,4,the best service provider,Telkom,telkom,great-network-fe324514948a2e5f622ed5af4d5a2e476353ef7e-4096988,0,[],https://s3-us-west-2.amazonaws.com/hp-cdn-01/uploads/orgs/org_793962_logo_hPUx0SvDxJ768HorIPr8.png,/static/img/industries/icons/telecommunications-icon.jpg,Telecommunications,telecommunications,1,,WEBSITE,False,,2022-09-17,6,[]
4096035,f7da5b90-963d-11e8-a707-5749ad9cde95,2022-09-16 11:36:18,Christopher P,Christopher P,,f7da5b90-963d-11e8-a707-5749ad9cde95,Telkom refuses to cancel Fibre contract and keeps stealing money from my account.,4,"0 stars. Telkom has refused outright to cancel a Fibre contract which I've requested to be cancelled in February and each month continues to take money from my account with out my permission. I no longer live at the residence where the line was installed. 

Thousands of Rands have been stolen from my account and Telkom does not respond to requests to cancel my contract.

Do not use Telkom Fibre.",Telkom,telkom,telkom-refuses-to-cancel-fibre-contract-and-keeps-stealing-money-from-my-account-4096035,0,[],https://s3-us-west-2.amazonaws.com/hp-cdn-01/uploads/orgs/org_793962_logo_hPUx0SvDxJ768HorIPr8.png,/static/img/industries/icons/telecommunications-icon.jpg,Telecommunications,telecommunications,1,,WEBSITE,False,,2018-08-02,4,[]
4095211,3a3e68fb-31fa-11e8-83f4-f23c91bb6188,2022-09-15 17:37:48,Manchue H,Manchue H,,3a3e68fb-31fa-11e8-83f4-f23c91bb6188,Network Issues Resolved,4,After two days of struggling with no internet an consultants not being able to assist with network issues. I managed to phone in and speak to Tebello who assisted me with solutions and how to fix the issue. Network working perfectly fine after the explination and steps as to what I need to block and etc. Thank you Tebello,Telkom,telkom,network-issues-resolved-4095211,0,[],https://s3-us-west-2.amazonaws.com/hp-cdn-01/uploads/orgs/org_793962_logo_hPUx0SvDxJ768HorIPr8.png,/static/img/industries/icons/telecommunications-icon.jpg,Telecommunications,telecommunications,1,,WEBSITE,False,,2017-10-31,24,[]
4052008,1207b9b0-1cd1-11ed-a423-2d6fc3b2e735,2022-08-15 21:35:36,Maggie M,Maggie M,,1207b9b0-1cd1-11ed-a423-2d6fc3b2e735,Happy customer- Telkom,4,"Excellent service from Telkom Benmore Gardens, staff was friendly and efficient. Thanks, keep doing a good job.",Telkom,telkom,happy-customer-telkom-4052008,0,[],https://s3-us-west-2.amazonaws.com/hp-cdn-01/uploads/orgs/org_793962_logo_hPUx0SvDxJ768HorIPr8.png,/static/img/industries/icons/telecommunications-icon.jpg,Telecommunications,telecommunications,1,9.0,WEBSITE,False,,2022-08-15,1,[]
4229152,2216bb0d-31fa-11e8-83f4-f23c91bb6188,2022-12-17 11:00:26,renate,renate,,2216bb0d-31fa-11e8-83f4-f23c91bb6188,Excellent service... Thank you,5,The service I received was excellent and they keep in there time frame even over the busy period of holiday season. I would also like to say thank You for the gift of my Bluetooth headphones...,Telkom,telkom,excellent-service-thank-you-6fdc88f738886602583d7605bf99c4bc438eff9f-4229152,0,[],https://s3-us-west-2.amazonaws.com/hp-cdn-01/uploads/orgs/org_793962_logo_hPUx0SvDxJ768HorIPr8.png,/static/img/industries/icons/telecommunications-icon.jpg,Telecommunications,telecommunications,1,,WEBSITE,False,,2015-04-26,4,[]
4227737,1369436f-31fa-11e8-83f4-f23c91bb6188,2022-12-15 15:24:21,sobahle ,sobahle ,,1369436f-31fa-11e8-83f4-f23c91bb6188,good consultant,5,"thanks to Thandiwe Makhaye a consultant who went miles to assist and have all the time to listen, not the idiot called Sibusiso Nkosi from carnival who wants sales so bad while its not working for hi, who sold me a router that is not connecting and got robbed because of this idiot was suppose to work from from December",Telkom,telkom,good-consultant-5600d5dd475c65ba3c50abad324ed97dc0d18eed-4227737,0,[],https://s3-us-west-2.amazonaws.com/hp-cdn-01/uploads/orgs/org_793962_logo_hPUx0SvDxJ768HorIPr8.png,/static/img/industries/icons/telecommunications-icon.jpg,Telecommunications,telecommunications,1,,WEBSITE,False,,2013-06-24,3,[]
4222978,ef0f3160-1f51-11eb-96b7-87bb21197e53,2022-12-13 08:38:19,Liezle P,Liezle P,,ef0f3160-1f51-11eb-96b7-87bb21197e53,Telkom Kenilworth centre,5,"Went in to the Kenilworth centre branch to do a sim swap and unsuspend my number.got the best service from a very nice lady named Nuraan.  .c was fast and very efficient and in less then 10min I had my new Sim
 . .thank u nuraan",Telkom,telkom,telkom-kenilworth-centre-4222978,0,[],https://s3-us-west-2.amazonaws.com/hp-cdn-01/uploads/orgs/org_793962_logo_hPUx0SvDxJ768HorIPr8.png,/static/img/industries/icons/telecommunications-icon.jpg,Telecommunications,telecommunications,1,,WEBSITE,False,,2020-11-05,4,[]
4220027,f1989af0-247d-11ed-9b4a-437238555a96,2022-12-10 07:25:59,Johanna B,Johanna B,,f1989af0-247d-11ed-9b4a-437238555a96,BEST TELKOM EMPLOYEE,5,"I am writing this as one very happy (now ex-) customer of Telkom.

in 2020 we moved from South Africa to the UAE, until recently I still had one contract with Telkom, and canceling this contract at the end of service proved to be an extremely difficult task, as no one I mailed or called replied or said that they werenâ€™t able to assist with my cancelation.

I received a contact number of Piet Sherende at the Key West branch in Krugersdorp from my sister (they had a big issue with their home service a few months back and he was the only one able to assist them in a timely, friendly manner).

I proceeded to make contact with him and he immediately was able to tell me what documents he needed from me, he sent me the forms, and kept me posted on all progress.
Now, my line is finally canceled and I can only thank Piet for this.

He really went above and beyond with his service for me (and my sister), and he really was one of the most knowledgeable, friendly, and considerate employees of Telkom (or any large company for the matter!) I have ever had the pleasure of dealing with.

Would definitely recommend him and his team at Key West to all.",Telkom,telkom,best-telkom-employee-4220027,0,[],https://s3-us-west-2.amazonaws.com/hp-cdn-01/uploads/orgs/org_793962_logo_hPUx0SvDxJ768HorIPr8.png,/static/img/industries/icons/telecommunications-icon.jpg,Telecommunications,telecommunications,1,,WEBSITE,False,,2022-08-25,2,[]
4217936,9bed8af0-76b8-11ed-9d22-ffb31a960520,2022-12-08 16:14:37,Charles M,Charles M,,9bed8af0-76b8-11ed-9d22-ffb31a960520,Good Service,5,"I was a customer at Telkom for 3 years, and I only had good service. Thanks",Telkom,telkom,good-service-5aa45f23f768b522321a6d4318fff1182ddeafb2-4217936,0,[],https://s3-us-west-2.amazonaws.com/hp-cdn-01/uploads/orgs/org_793962_logo_hPUx0SvDxJ768HorIPr8.png,/static/img/industries/icons/telecommunications-icon.jpg,Telecommunications,telecommunications,1,,WEBSITE,False,,2022-12-08,5,[]
4217756,14c30320-ba48-11ec-9a3f-83917660db21,2022-12-08 15:02:11,Amukelani M,Amukelani M,,14c30320-ba48-11ec-9a3f-83917660db21,Telkom is a scam,5,Telkom has not cancel my contract since i asked to cancel it.,Telkom,telkom,telkom-is-a-scam-e7cd932508296cb43e0d37247f63cdd40c964d93-4217756,0,[],https://s3-us-west-2.amazonaws.com/hp-cdn-01/uploads/orgs/org_793962_logo_hPUx0SvDxJ768HorIPr8.png,/static/img/industries/icons/telecommunications-icon.jpg,Telecommunications,telecommunications,1,,WEBSITE,False,,2022-04-12,2,[]
4212612,c46c6cd0-f20d-11eb-8afb-9908558c9bcf,2022-12-06 01:21:05,Vutivi N,Vutivi N,,c46c6cd0-f20d-11eb-8afb-9908558c9bcf,Telkom Musgrave staff are friendly and helpful,5,Thanks to Bongi @ the telkom Musgrave branch was connected after my phone was stolen on Saturday she was so helpful and service was great shoutout Bongi for everything you did for me helping me get a phone ðŸ“± after such stressful thing happened.  Thank you ðŸ˜Š,Telkom,telkom,telkom-musgrave-staff-are-friendly-and-helpful-4212612,0,[],https://s3-us-west-2.amazonaws.com/hp-cdn-01/uploads/orgs/org_793962_logo_hPUx0SvDxJ768HorIPr8.png,/static/img/industries/icons/telecommunications-icon.jpg,Telecommunications,telecommunications,1,10.0,WEBSITE,False,,2021-07-31,6,[]
4208335,f7484640-2521-11ed-b285-bffef887da7b,2022-12-02 11:30:03,Khanyisa A,Khanyisa A,,f7484640-2521-11ed-b285-bffef887da7b,Agent of the year  Robyn Abdie at Telkom cust. serv.,5,"I would like to take my hat off for Robyn Abdie at Telkom cust. serv., she was super helpful in time of need unlike her other colleagues that I dealt with before her for the same query. I only needed a copy of my phone contract",Telkom,telkom,agent-of-the-year-robyn-abdie-at-telkom-cust-serv-4208335,0,[],https://s3-us-west-2.amazonaws.com/hp-cdn-01/uploads/orgs/org_793962_logo_hPUx0SvDxJ768HorIPr8.png,/static/img/industries/icons/telecommunications-icon.jpg,Telecommunications,telecommunications,1,,WEBSITE,False,,2022-08-26,3,[]
4205121,42850cb0-8e97-11e8-a12b-3bf3fb8b2ad7,2022-11-30 18:18:05,ShÃƒÂ na Jacobs,ShÃƒÂ na Jacobs,,42850cb0-8e97-11e8-a12b-3bf3fb8b2ad7,New Contract,5,"Yesterday I tried to get ahold of an agent, however the one I got was impatient and still waiting on her to return my call. I tried phoning again and spoke to Roxanne Pillay, super friendly and extremely clear, patient as my current phone struggled to answer the call when I needed her to phone me back. We need more people that does their jobs with pride and friendliness.
Thank you RoxanneðŸŒ»",Telkom,telkom,new-contract-b99b568cef68897e458a34d8d8667330c9ebf8a8-4205121,0,[],https://s3-us-west-2.amazonaws.com/hp-cdn-01/uploads/orgs/org_793962_logo_hPUx0SvDxJ768HorIPr8.png,/static/img/industries/icons/telecommunications-icon.jpg,Telecommunications,telecommunications,1,,WEBSITE,False,,2018-07-23,6,[]
4203074,33886457-31fa-11e8-83f4-f23c91bb6188,2022-11-29 23:19:23,Zubeida S,Zubeida S,,33886457-31fa-11e8-83f4-f23c91bb6188,Great staff and products,5,"I have been with Telkom for years. Cheap with WiFi and Internet rates. Connection good.onky problems I found is billing issues, which I normally get resolved within 72hours because your ticket is logged and they return calls. The best is to go in store. My usual stores are Adderley Street Cape Town, which can become busy but very helpful and patient staff. The other store is Kenilworth Centre I had my last interactions where my matters were finalised immediately or latest 72hours with status updates from store instead of from myself having to follow up.",Telkom,telkom,great-staff-and-products-4203074,0,[],https://s3-us-west-2.amazonaws.com/hp-cdn-01/uploads/orgs/org_793962_logo_hPUx0SvDxJ768HorIPr8.png,/static/img/industries/icons/telecommunications-icon.jpg,Telecommunications,telecommunications,1,,WEBSITE,False,,2017-02-26,3,[]
4201123,db900b20-d7a0-11e8-82c8-9dc8bbe00698,2022-11-29 10:25:10,Thakhani R,Thakhani R,,db900b20-d7a0-11e8-82c8-9dc8bbe00698,Free Contract Sim Swap,5,"I lost my contract simcard and I did not want to go to get a new one not so fast anyways, i had hoped I would find it. But that nano simcard is so small once you lose it and unsure where, it is gone.

But I know the fellow networks charge a fee hence I didnt wanna rush cos I did not want to pay.

My husband encouraged me to go to the store and we requested for a new sim and a sim swap. And I asked "" how much will that be"". The guy at the counter answered ""Nothing, ma'am""   I was so suprised cos I had been charged more than R200 to replace a contract sim from a competitor network. 

But Telkom does it for free and its up and running same time . I just picked up where I left off. Thank you so much.",Telkom,telkom,free-contract-sim-swap-4201123,0,[],https://s3-us-west-2.amazonaws.com/hp-cdn-01/uploads/orgs/org_793962_logo_hPUx0SvDxJ768HorIPr8.png,/static/img/industries/icons/telecommunications-icon.jpg,Telecommunications,telecommunications,1,6.0,WEBSITE,False,,2018-10-24,64,[]
